"Message",Low,"Запуск компиляции .NET Native"
"Message",Low,""
"Message",Low,""
"Message",Low,"Задача ""Gatekeeper"""
"Message",Normal,"Launching 'C:\Program Files (x86)\Microsoft SDKs\UWPNuGetPackages\microsoft.net.native.compiler\1.7.6\tools\x64\ilc\Tools\Gatekeeper.exe @""C:\Users\Lagrange\Desktop\MyApp\MyApp\MyApp\obj\x64\Release\ilc\intermediate\gkargs.rsp""'"
"Message",Low,"�ਢ�⭨� Microsoft (R) .NET Native ���ᨨ 1.7.27420.00 "
"Message",Low,"Copyright (C) Microsoft Corporation.  All rights reserved. "
"Message",Low," "
"Message",Low,"���� �஢�ઠ ᡮન ""C:\Users\Lagrange\Desktop\MyApp\MyApp\MyApp\obj\x64\Release\ilc\in\DataAccessLibrary.dll"". "
"Message",Low,"���� �஢�ઠ ᡮન ""C:\Users\Lagrange\Desktop\MyApp\MyApp\MyApp\obj\x64\Release\ilc\in\Microsoft.Data.Sqlite.dll"". "
"Message",Low,"���� �஢�ઠ ᡮન ""C:\Users\Lagrange\Desktop\MyApp\MyApp\MyApp\obj\x64\Release\ilc\in\MyApp.exe"". "
"Message",Normal,"'C:\Program Files (x86)\Microsoft SDKs\UWPNuGetPackages\microsoft.net.native.compiler\1.7.6\tools\x64\ilc\Tools\Gatekeeper.exe @""C:\Users\Lagrange\Desktop\MyApp\MyApp\MyApp\obj\x64\Release\ilc\intermediate\gkargs.rsp""' completed."
"Message",Normal,"Process execution statistics (all times in milliseconds)"
"Message",Normal,"-----------------------------------------------------------------------------"
"Message",Normal,"launch  |  start   |   stop   |   end    | duration | lifetime | [slot] name"
"Message",Normal,"-----------------------------------------------------------------------------"
"Message",Normal,"       0 |       31 |     1297 |     1297 |     1266 |     1297 | [0] Gatekeeper"
"Message",Normal,"Number of commands:      1"
"Message",Normal,"Total system time:       1297 ms"
"Message",Normal,"System time per command: 1297 ms"
"Message",Normal,"Total duration:          1266 ms"
"Message",Normal,"Total lifetime:          1297 ms"
"Message",Normal,"Requested DOP:           4"
"Message",Normal,"Duration DOP:            1,0"
"Message",Normal,"Lifetime DOP:            1,0"
"Message",Low,"Выполнение задачи ""Gatekeeper"" завершено."
"Message",Low,"Сборка целевого объекта ""RunGatekeeper"" в файле ""Preparation"" завершена."
"Message",Low,""
"Message",Low,"Задача ""InjectWindowsRuntimeTypeForwards"""
"Message",Normal,"Running 'InjectWindowsRuntimeTypeForwards' transform, heap at 7 MB."
"Message",Normal,"Running 'WriteAssemblies' transform, heap at 11 MB."
"Message",Normal,""
"Message",Normal,"Transform summary"
"Message",Normal,"    ms | heap delta | name"
"Message",Normal,"   779 |          4 | InjectWindowsRuntimeTypeForwards"
"Message",Normal,"   684 |          2 | WriteAssemblies"
"Message",Low,"Выполнение задачи ""InjectWindowsRuntimeTypeForwards"" завершено."
"Message",Low,"Сборка целевого объекта ""InjectWindowRuntimeTypeForwards"" в файле ""Preparation"" завершена."
"Message",Low,""
"Message",Low,"Задача ""PreResolveAssemblyClosure"""
"Message",Low,"Выполнение задачи ""PreResolveAssemblyClosure"" завершено."
"Message",Low,"Сборка целевого объекта ""PreResolveTransforms"" в файле ""Preparation"" завершена."
"Message",Low,""
"Message",Low,"Задача ""InitialAssemblyClosure"""
"Message",Low,"Выполнение задачи ""InitialAssemblyClosure"" завершено."
"Message",Low,"Задача ""ResolveInitialReferencesAssemblyClosure1"""
"Message",Low,"Выполнение задачи ""ResolveInitialReferencesAssemblyClosure1"" завершено."
"Message",Low,"Задача ""ResolveInitialReferencesAssemblyClosure2"""
"Message",Low,"Выполнение задачи ""ResolveInitialReferencesAssemblyClosure2"" завершено."
"Message",Low,"Сборка целевого объекта ""ResolveInitialReferences"" в файле ""Preparation"" завершена."
"Message",Low,"Сборка проекта ""Preparation"" завершена."
"Message",Low,""
"Message",Low,""
"Message",High,"Обработка кода приложения"
"Message",Low,"Задача ""ValidateSimpleNames"""
"Message",Low,"Выполнение задачи ""ValidateSimpleNames"" завершено."
"Message",Low,"Задача ""McgContractsResolveFilePath"""
"Message",Low,"Выполнение задачи ""McgContractsResolveFilePath"" завершено."
"Message",Low,"Задача ""McgFacadeResolveFilePath"""
"Message",Low,"Выполнение задачи ""McgFacadeResolveFilePath"" завершено."
"Message",Low,"Задача ""FinalAssemblyClosureRootsResolveFilePaths"""
"Message",Low,"Выполнение задачи ""FinalAssemblyClosureRootsResolveFilePaths"" завершено."
"Message",Low,"Задача ""FinalAssemblyClosure"""
"Message",Low,"Выполнение задачи ""FinalAssemblyClosure"" завершено."
"Message",Low,"Задача ""RunILTransforms"""
"Message",Normal,"Running 'Analysis' transform, heap at 21 MB."
"Message",Low,"Loading 60 modules..."
"Message",Normal,"Imported reflection directives from 10 files:"
"Message",Normal,"C:\Users\Lagrange\Desktop\MyApp\MyApp\MyApp\obj\x64\Release\ilc\in\Properties\Default.rd.xml"
"Message",Normal,"Встроенный манифест System.Diagnostics.Tracing: Resources.System.Diagnostics.Tracing.rd.xml"
"Message",Normal,"Встроенный манифест System.Private.Reflection: System.Private.Reflection.rd.xml"
"Message",Normal,"Встроенный манифест System.Private.CoreLib: Resources.System.Private.CoreLib.rd.xml"
"Message",Normal,"Встроенный манифест System.Private.Uri: Resources.System.Private.Uri.rd.xml"
"Message",Normal,"Встроенный манифест System.Private.Reflection.Core: System.Private.Reflection.Core.rd.xml"
"Message",Normal,"Встроенный манифест System.Data.Common: Resources.System.Data.Common.rd.xml"
"Message",Normal,"Встроенный манифест System.Private.Interop: Resources.System.Private.Interop.rd.xml"
"Message",Normal,"Встроенный манифест DataAccessLibrary: DataAccessLibrary.Properties.DataAccessLibrary.rd.xml"
"Message",Normal,"Встроенный манифест Microsoft.Data.Sqlite: Microsoft.Data.Sqlite.Properties.Microsoft.Data.Sqlite.rd.xml"
"Message",Normal,"Imported XAML Roots from 1 files:"
"Message",Normal,"C:\Users\Lagrange\Desktop\MyApp\MyApp\MyApp\obj\x64\Release\ilc\in\MyApp.xr.xml"
"Message",Normal,"Running 'Mcg' transform, heap at 102 MB."
"Message",High,"Computing application closure and generating interop code"
"Message",Normal,"  Список LIB-файлов:"
"Message",Normal,"      WindowsApp.lib"
"Message",Normal,"      winsqlite3.lib"
"Message",Normal,"  Список путей поиска LIB-файлов:"
"Message",Normal,"      C:\Program Files (x86)\Windows Kits\10\lib\10.0.19041.0\um\x64"
"Message",Normal,"  Идет загрузка экспортированных данных из LIB-файлов..."
"Message",Normal,"      4823 экспортирует операции чтения из ""C:\Program Files (x86)\Windows Kits\10\lib\10.0.19041.0\um\x64\WindowsApp.lib""."
"Message",Normal,"      268 экспортирует операции чтения из ""C:\Program Files (x86)\Windows Kits\10\lib\10.0.19041.0\um\x64\winsqlite3.lib""."
"Message",High,"  Идет загрузка модулей (60)..."
"Message",Normal,"          P/Invoke 'sqlite3_bind_blob' resolved to 'sqlite3!sqlite3_bind_blob' from 'sqlite3'."
"Message",Normal,"          P/Invoke 'sqlite3_bind_double' resolved to 'sqlite3!sqlite3_bind_double' from 'sqlite3'."
"Message",Normal,"          P/Invoke 'sqlite3_bind_int64' resolved to 'sqlite3!sqlite3_bind_int64' from 'sqlite3'."
"Message",Normal,"          P/Invoke 'sqlite3_bind_null' resolved to 'sqlite3!sqlite3_bind_null' from 'sqlite3'."
"Message",Normal,"          P/Invoke 'sqlite3_bind_parameter_count' resolved to 'sqlite3!sqlite3_bind_parameter_count' from 'sqlite3'."
"Message",Normal,"          P/Invoke 'sqlite3_bind_parameter_index' resolved to 'sqlite3!sqlite3_bind_parameter_index' from 'sqlite3'."
"Message",Normal,"          P/Invoke 'sqlite3_bind_parameter_name' resolved to 'sqlite3!sqlite3_bind_parameter_name' from 'sqlite3'."
"Message",Normal,"          P/Invoke 'sqlite3_bind_text' resolved to 'sqlite3!sqlite3_bind_text' from 'sqlite3'."
"Message",Normal,"          P/Invoke 'sqlite3_busy_timeout' resolved to 'sqlite3!sqlite3_busy_timeout' from 'sqlite3'."
"Message",Normal,"          P/Invoke 'sqlite3_changes' resolved to 'sqlite3!sqlite3_changes' from 'sqlite3'."
"Message",Normal,"          P/Invoke 'sqlite3_close' resolved to 'sqlite3!sqlite3_close' from 'sqlite3'."
"Message",Normal,"          P/Invoke 'sqlite3_close_v2' resolved to 'sqlite3!sqlite3_close_v2' from 'sqlite3'."
"Message",Normal,"          P/Invoke 'sqlite3_column_blob' resolved to 'sqlite3!sqlite3_column_blob' from 'sqlite3'."
"Message",Normal,"          P/Invoke 'sqlite3_column_bytes' resolved to 'sqlite3!sqlite3_column_bytes' from 'sqlite3'."
"Message",Normal,"          P/Invoke 'sqlite3_column_count' resolved to 'sqlite3!sqlite3_column_count' from 'sqlite3'."
"Message",Normal,"          P/Invoke 'sqlite3_column_decltype' resolved to 'sqlite3!sqlite3_column_decltype' from 'sqlite3'."
"Message",Normal,"          P/Invoke 'sqlite3_column_double' resolved to 'sqlite3!sqlite3_column_double' from 'sqlite3'."
"Message",Normal,"          P/Invoke 'sqlite3_column_int64' resolved to 'sqlite3!sqlite3_column_int64' from 'sqlite3'."
"Message",Normal,"          P/Invoke 'sqlite3_column_name' resolved to 'sqlite3!sqlite3_column_name' from 'sqlite3'."
"Message",Normal,"          P/Invoke 'sqlite3_column_text' resolved to 'sqlite3!sqlite3_column_text' from 'sqlite3'."
"Message",Normal,"          P/Invoke 'sqlite3_column_type' resolved to 'sqlite3!sqlite3_column_type' from 'sqlite3'."
"Message",Normal,"          P/Invoke 'sqlite3_db_filename' resolved to 'sqlite3!sqlite3_db_filename' from 'sqlite3'."
"Message",Normal,"          P/Invoke 'sqlite3_enable_load_extension' resolved to 'sqlite3!sqlite3_enable_load_extension' from 'sqlite3'."
"Message",Normal,"          P/Invoke 'sqlite3_errmsg' resolved to 'sqlite3!sqlite3_errmsg' from 'sqlite3'."
"Message",Normal,"          P/Invoke 'sqlite3_errstr' resolved to 'sqlite3!sqlite3_errstr' from 'sqlite3'."
"Message",Normal,"          P/Invoke 'sqlite3_finalize' resolved to 'sqlite3!sqlite3_finalize' from 'sqlite3'."
"Message",Normal,"          P/Invoke 'sqlite3_libversion' resolved to 'sqlite3!sqlite3_libversion' from 'sqlite3'."
"Message",Normal,"          P/Invoke 'sqlite3_open_v2' resolved to 'sqlite3!sqlite3_open_v2' from 'sqlite3'."
"Message",Normal,"          P/Invoke 'sqlite3_prepare_v2' resolved to 'sqlite3!sqlite3_prepare_v2' from 'sqlite3'."
"Message",Normal,"          P/Invoke 'sqlite3_reset' resolved to 'sqlite3!sqlite3_reset' from 'sqlite3'."
"Message",Normal,"          P/Invoke 'sqlite3_step' resolved to 'sqlite3!sqlite3_step' from 'sqlite3'."
"Message",Normal,"          P/Invoke 'sqlite3_stmt_readonly' resolved to 'sqlite3!sqlite3_stmt_readonly' from 'sqlite3'."
"Message",Normal,"          P/Invoke 'sqlite3_bind_blob' resolved to 'winsqlite3.dll!sqlite3_bind_blob' from 'C:\Program Files (x86)\Windows Kits\10\lib\10.0.19041.0\um\x64\winsqlite3.lib'."
"Message",Normal,"          P/Invoke 'sqlite3_bind_double' resolved to 'winsqlite3.dll!sqlite3_bind_double' from 'C:\Program Files (x86)\Windows Kits\10\lib\10.0.19041.0\um\x64\winsqlite3.lib'."
"Message",Normal,"          P/Invoke 'sqlite3_bind_int64' resolved to 'winsqlite3.dll!sqlite3_bind_int64' from 'C:\Program Files (x86)\Windows Kits\10\lib\10.0.19041.0\um\x64\winsqlite3.lib'."
"Message",Normal,"          P/Invoke 'sqlite3_bind_null' resolved to 'winsqlite3.dll!sqlite3_bind_null' from 'C:\Program Files (x86)\Windows Kits\10\lib\10.0.19041.0\um\x64\winsqlite3.lib'."
"Message",Normal,"          P/Invoke 'sqlite3_bind_parameter_count' resolved to 'winsqlite3.dll!sqlite3_bind_parameter_count' from 'C:\Program Files (x86)\Windows Kits\10\lib\10.0.19041.0\um\x64\winsqlite3.lib'."
"Message",Normal,"          P/Invoke 'sqlite3_bind_parameter_index' resolved to 'winsqlite3.dll!sqlite3_bind_parameter_index' from 'C:\Program Files (x86)\Windows Kits\10\lib\10.0.19041.0\um\x64\winsqlite3.lib'."
"Message",Normal,"          P/Invoke 'sqlite3_bind_parameter_name' resolved to 'winsqlite3.dll!sqlite3_bind_parameter_name' from 'C:\Program Files (x86)\Windows Kits\10\lib\10.0.19041.0\um\x64\winsqlite3.lib'."
"Message",Normal,"          P/Invoke 'sqlite3_bind_text' resolved to 'winsqlite3.dll!sqlite3_bind_text' from 'C:\Program Files (x86)\Windows Kits\10\lib\10.0.19041.0\um\x64\winsqlite3.lib'."
"Message",Normal,"          P/Invoke 'sqlite3_busy_timeout' resolved to 'winsqlite3.dll!sqlite3_busy_timeout' from 'C:\Program Files (x86)\Windows Kits\10\lib\10.0.19041.0\um\x64\winsqlite3.lib'."
"Message",Normal,"          P/Invoke 'sqlite3_changes' resolved to 'winsqlite3.dll!sqlite3_changes' from 'C:\Program Files (x86)\Windows Kits\10\lib\10.0.19041.0\um\x64\winsqlite3.lib'."
"Message",Normal,"          P/Invoke 'sqlite3_close' resolved to 'winsqlite3.dll!sqlite3_close' from 'C:\Program Files (x86)\Windows Kits\10\lib\10.0.19041.0\um\x64\winsqlite3.lib'."
"Message",Normal,"          P/Invoke 'sqlite3_close_v2' resolved to 'winsqlite3.dll!sqlite3_close_v2' from 'C:\Program Files (x86)\Windows Kits\10\lib\10.0.19041.0\um\x64\winsqlite3.lib'."
"Message",Normal,"          P/Invoke 'sqlite3_column_blob' resolved to 'winsqlite3.dll!sqlite3_column_blob' from 'C:\Program Files (x86)\Windows Kits\10\lib\10.0.19041.0\um\x64\winsqlite3.lib'."
"Message",Normal,"          P/Invoke 'sqlite3_column_bytes' resolved to 'winsqlite3.dll!sqlite3_column_bytes' from 'C:\Program Files (x86)\Windows Kits\10\lib\10.0.19041.0\um\x64\winsqlite3.lib'."
"Message",Normal,"          P/Invoke 'sqlite3_column_count' resolved to 'winsqlite3.dll!sqlite3_column_count' from 'C:\Program Files (x86)\Windows Kits\10\lib\10.0.19041.0\um\x64\winsqlite3.lib'."
"Message",Normal,"          P/Invoke 'sqlite3_column_decltype' resolved to 'winsqlite3.dll!sqlite3_column_decltype' from 'C:\Program Files (x86)\Windows Kits\10\lib\10.0.19041.0\um\x64\winsqlite3.lib'."
"Message",Normal,"          P/Invoke 'sqlite3_column_double' resolved to 'winsqlite3.dll!sqlite3_column_double' from 'C:\Program Files (x86)\Windows Kits\10\lib\10.0.19041.0\um\x64\winsqlite3.lib'."
"Message",Normal,"          P/Invoke 'sqlite3_column_int64' resolved to 'winsqlite3.dll!sqlite3_column_int64' from 'C:\Program Files (x86)\Windows Kits\10\lib\10.0.19041.0\um\x64\winsqlite3.lib'."
"Message",Normal,"          P/Invoke 'sqlite3_column_name' resolved to 'winsqlite3.dll!sqlite3_column_name' from 'C:\Program Files (x86)\Windows Kits\10\lib\10.0.19041.0\um\x64\winsqlite3.lib'."
"Message",Normal,"          P/Invoke 'sqlite3_column_text' resolved to 'winsqlite3.dll!sqlite3_column_text' from 'C:\Program Files (x86)\Windows Kits\10\lib\10.0.19041.0\um\x64\winsqlite3.lib'."
"Message",Normal,"          P/Invoke 'sqlite3_column_type' resolved to 'winsqlite3.dll!sqlite3_column_type' from 'C:\Program Files (x86)\Windows Kits\10\lib\10.0.19041.0\um\x64\winsqlite3.lib'."
"Message",Normal,"          P/Invoke 'sqlite3_db_filename' resolved to 'winsqlite3.dll!sqlite3_db_filename' from 'C:\Program Files (x86)\Windows Kits\10\lib\10.0.19041.0\um\x64\winsqlite3.lib'."
"Message",Normal,"          P/Invoke 'sqlite3_enable_load_extension' resolved to 'winsqlite3.dll!sqlite3_enable_load_extension' from 'C:\Program Files (x86)\Windows Kits\10\lib\10.0.19041.0\um\x64\winsqlite3.lib'."
"Message",Normal,"          P/Invoke 'sqlite3_errmsg' resolved to 'winsqlite3.dll!sqlite3_errmsg' from 'C:\Program Files (x86)\Windows Kits\10\lib\10.0.19041.0\um\x64\winsqlite3.lib'."
"Message",Normal,"          P/Invoke 'sqlite3_errstr' resolved to 'winsqlite3.dll!sqlite3_errstr' from 'C:\Program Files (x86)\Windows Kits\10\lib\10.0.19041.0\um\x64\winsqlite3.lib'."
"Message",Normal,"          P/Invoke 'sqlite3_finalize' resolved to 'winsqlite3.dll!sqlite3_finalize' from 'C:\Program Files (x86)\Windows Kits\10\lib\10.0.19041.0\um\x64\winsqlite3.lib'."
"Message",Normal,"          P/Invoke 'sqlite3_libversion' resolved to 'winsqlite3.dll!sqlite3_libversion' from 'C:\Program Files (x86)\Windows Kits\10\lib\10.0.19041.0\um\x64\winsqlite3.lib'."
"Message",Normal,"          P/Invoke 'sqlite3_open_v2' resolved to 'winsqlite3.dll!sqlite3_open_v2' from 'C:\Program Files (x86)\Windows Kits\10\lib\10.0.19041.0\um\x64\winsqlite3.lib'."
"Message",Normal,"          P/Invoke 'sqlite3_prepare_v2' resolved to 'winsqlite3.dll!sqlite3_prepare_v2' from 'C:\Program Files (x86)\Windows Kits\10\lib\10.0.19041.0\um\x64\winsqlite3.lib'."
"Message",Normal,"          P/Invoke 'sqlite3_reset' resolved to 'winsqlite3.dll!sqlite3_reset' from 'C:\Program Files (x86)\Windows Kits\10\lib\10.0.19041.0\um\x64\winsqlite3.lib'."
"Message",Normal,"          P/Invoke 'sqlite3_step' resolved to 'winsqlite3.dll!sqlite3_step' from 'C:\Program Files (x86)\Windows Kits\10\lib\10.0.19041.0\um\x64\winsqlite3.lib'."
"Message",Normal,"          P/Invoke 'sqlite3_stmt_readonly' resolved to 'winsqlite3.dll!sqlite3_stmt_readonly' from 'C:\Program Files (x86)\Windows Kits\10\lib\10.0.19041.0\um\x64\winsqlite3.lib'."
"Message",Normal,"          P/Invoke 'RhWaitForPendingFinalizers' with [DllImport(ExactSpelling=true)] resolved to '[MRT]!RhWaitForPendingFinalizers'."
"Message",Normal,"          P/Invoke 'RhYield' with [DllImport(ExactSpelling=true)] resolved to '[MRT]!RhYield'."
"Message",Normal,"          P/Invoke 'RhCompatibleReentrantWaitAny' with [DllImport(ExactSpelling=true)] resolved to '[MRT]!RhCompatibleReentrantWaitAny'."
"Message",Normal,"          P/Invoke '_ecvt_s' with [DllImport(ExactSpelling=true)] resolved to '[MRT]!_ecvt_s'."
"Message",Normal,"          P/Invoke 'memmove' with [DllImport(ExactSpelling=true)] resolved to '[MRT]!memmove'."
"Message",Normal,"          P/Invoke 'CallingConventionConverter_GetStubs' with [DllImport(ExactSpelling=true)] resolved to '*!CallingConventionConverter_GetStubs'."
"Message",Normal,"          P/Invoke 'GetLastError' resolved to 'api-ms-win-core-errorhandling-l1-1-0.dll!GetLastError' from 'C:\Program Files (x86)\Windows Kits\10\lib\10.0.19041.0\um\x64\WindowsApp.lib'."
"Message",Normal,"          P/Invoke 'RoInitialize' resolved to 'api-ms-win-core-winrt-l1-1-0.dll!RoInitialize' from 'C:\Program Files (x86)\Windows Kits\10\lib\10.0.19041.0\um\x64\WindowsApp.lib'."
"Message",Normal,"          P/Invoke 'IsValidLocaleName' resolved to 'api-ms-win-core-localization-l1-2-0.dll!IsValidLocaleName' from 'C:\Program Files (x86)\Windows Kits\10\lib\10.0.19041.0\um\x64\WindowsApp.lib'."
"Message",Normal,"          P/Invoke 'ResolveLocaleName' resolved to 'api-ms-win-core-localization-l1-2-0.dll!ResolveLocaleName' from 'C:\Program Files (x86)\Windows Kits\10\lib\10.0.19041.0\um\x64\WindowsApp.lib'."
"Message",Normal,"          P/Invoke 'GetCPInfoExW' resolved to 'api-ms-win-core-localization-l1-2-0.dll!GetCPInfoExW' from 'C:\Program Files (x86)\Windows Kits\10\lib\10.0.19041.0\um\x64\WindowsApp.lib'."
"Message",Normal,"          P/Invoke 'CoCreateInstance' resolved to 'api-ms-win-core-com-l1-1-0.dll!CoCreateInstance' from 'C:\Program Files (x86)\Windows Kits\10\lib\10.0.19041.0\um\x64\WindowsApp.lib'."
"Message",Normal,"          P/Invoke '#6' resolved to 'oleaut32.dll!#6' from 'C:\Program Files (x86)\Windows Kits\10\lib\10.0.19041.0\um\x64\WindowsApp.lib'."
"Message",Normal,"          P/Invoke 'RoGetBufferMarshaler' resolved to 'api-ms-win-core-winrt-robuffer-l1-1-0.dll!RoGetBufferMarshaler' from 'C:\Program Files (x86)\Windows Kits\10\lib\10.0.19041.0\um\x64\WindowsApp.lib'."
"Message",High,"  Идет создание кода..."
"Message",High,"  Создан код взаимодействия."
"Message",Normal,"  Код записан в AssemblyInfo.g.cs"
"Message",Normal,"  Код записан в Adapters.g.cs"
"Message",Normal,"  Код записан в Data.g.cs"
"Message",Normal,"  Код записан в Helpers.g.cs"
"Message",Normal,"  Код записан в ImplTypes.g.cs"
"Message",Normal,"  Код записан в PInvoke.g.cs"
"Message",Normal,"  Код записан в SafeTypes.g.cs"
"Message",Normal,"  Код записан в SharedStubs.g.cs"
"Message",Normal,"Running 'GenerateCodeAndCompile' transform, heap at 178 MB."
"Message",High,"Generating serialization code"
"Message",High,"Compiling interop code"
"Message",Normal,"Compiling generated source code: C:\Program Files (x86)\Microsoft SDKs\UWPNuGetPackages\microsoft.net.native.compiler\1.7.6\tools\x64\ilc\csc\csc.exe /noconfig @""C:\Users\Lagrange\Desktop\MyApp\MyApp\MyApp\obj\x64\Release\ilc\intermediate\MyApp.McgInterop.rsp"""
"Message",High,"Generating System.Reflection.DispatchProxy proxy code."
"Message",Normal,"Running 'DumpNativeResources' transform, heap at 101 MB."
"Message",Normal,"Running 'ReducedCopyInitialize' transform, heap at 101 MB."
"Message",Normal,"Running 'ReducedCopyEmptyTypes' transform, heap at 123 MB."
"Message",Normal,"Running 'ReducedCopyPopulateTypes' transform, heap at 125 MB."
"Message",Normal,"Running 'ReducedCopyLateMetadata' transform, heap at 120 MB."
"Message",Normal,"Running 'ReducedCopyMethodBodies' transform, heap at 131 MB."
"Message",Normal,"Running 'ReducedCopyComplete' transform, heap at 149 MB."
"Message",Normal,"Running 'ReducedCopyCleanup' transform, heap at 167 MB."
"Message",Normal,"Running 'DeveloperExperienceModeOnlyCodeRemover' transform, heap at 167 MB."
"Message",Normal,"Running 'ComImportDetector' transform, heap at 140 MB."
"Message",Normal,"Running 'McgAccessor' transform, heap at 140 MB."
"Message",Normal,"Running 'McgRedirect' transform, heap at 141 MB."
"Message",Normal,"Running 'McgRedirect' transform, heap at 143 MB."
"Message",Normal,"Running 'McgTypeOf' transform, heap at 143 MB."
"Message",Normal,"Running 'ExceptionMiniaturizer' transform, heap at 146 MB."
"Message",Normal,"Running 'EventSource' transform, heap at 153 MB."
"Message",Normal,"Running 'ValueType' transform, heap at 153 MB."
"Message",Normal,"Running 'Attribute' transform, heap at 153 MB."
"Message",Normal,"Running 'GetType' transform, heap at 153 MB."
"Message",Normal,"Running 'McgFixups' transform, heap at 153 MB."
"Message",Normal,"Running 'ResourceManagerCtor' transform, heap at 154 MB."
"Message",Normal,"Running 'TypeofTypeHandle' transform, heap at 154 MB."
"Message",Normal,"Running 'DispatchProxyIntrinsics' transform, heap at 157 MB."
"Message",Normal,"Running 'StaticInitData' transform, heap at 157 MB."
"Message",Normal,"Running 'StartupCodeInjector' transform, heap at 164 MB."
"Message",Normal,"Running 'InjectAppContextSwitches' transform, heap at 164 MB."
"Message",Normal,"Running 'ImplementLibraryDynamicInvokeHelpers' transform, heap at 164 MB."
"Message",Normal,"Running 'Delegate' transform, heap at 164 MB."
"Message",Normal,"Running 'DelegateCtorCall' transform, heap at 170 MB."
"Message",Normal,"Running 'LazyGenerics' transform, heap at 170 MB."
"Message",Normal,"Running 'AddReflectionBlockedAttributes' transform, heap at 177 MB."
"Message",Normal,"Running 'DisableOptimization' transform, heap at 177 MB."
"Message",Normal,"Running 'CreateMetadata' transform, heap at 177 MB."
"Message",Normal,"Running 'SaveRVAStatics' transform, heap at 187 MB."
"Message",Normal,"Running 'ReflectionInvoke' transform, heap at 187 MB."
"Message",Normal,"Running 'ScrubOpenCalls' transform, heap at 188 MB."
"Message",Normal,"Running 'ConvertCatchIntoFilter' transform, heap at 188 MB."
"Message",Normal,"Running 'ReflectionMappingInfoEmit' transform, heap at 188 MB."
"Message",Normal,"Running 'ConvertManagedWinMD' transform, heap at 189 MB."
"Message",Normal,"Running 'Reducer' transform, heap at 189 MB."
"Message",High,"Cleaning up unreferenced code"
"Message",Normal,"Running 'WriteAssemblies' transform, heap at 171 MB."
"Message",Normal,""
"Message",Normal,"Transform summary"
"Message",Normal,"    ms | heap delta | name"
"Message",Normal,"  7719 |        -77 | GenerateCodeAndCompile"
"Message",Normal,"  6090 |         81 | Analysis"
"Message",Normal,"  2338 |         76 | Mcg"
"Message",Normal,"   780 |         33 | WriteAssemblies"
"Message",Normal,"   639 |        -18 | Reducer"
"Message",Normal,"   521 |         22 | ReducedCopyInitialize"
"Message",Normal,"   268 |         18 | ReducedCopyComplete"
"Message",Normal,"   225 |         -5 | ReducedCopyPopulateTypes"
"Message",Normal,"   214 |         10 | CreateMetadata"
"Message",Normal,"   185 |          2 | McgRedirect"
"Message",Normal,"   167 |         18 | ReducedCopyMethodBodies"
"Message",Normal,"   124 |          3 | McgTypeOf"
"Message",Normal,"   115 |         11 | ReducedCopyLateMetadata"
"Message",Normal,"   100 |        -27 | DeveloperExperienceModeOnlyCodeRemover"
"Message",Normal,"    89 |          0 | McgRedirect"
"Message",Normal,"    80 |          7 | StaticInitData"
"Message",Normal,"    67 |          3 | TypeofTypeHandle"
"Message",Normal,"    55 |          7 | LazyGenerics"
"Message",Normal,"    53 |          7 | ExceptionMiniaturizer"
"Message",Normal,"    38 |          6 | Delegate"
"Message",Normal,"    31 |          1 | McgAccessor"
"Message",Normal,"    28 |          1 | McgFixups"
"Message",Normal,"    17 |          0 | DelegateCtorCall"
"Message",Normal,"    17 |          2 | ReducedCopyEmptyTypes"
"Message",Normal,"    13 |          0 | DispatchProxyIntrinsics"
"Message",Normal,"    12 |          0 | DumpNativeResources"
"Message",Normal,"    11 |          0 | SaveRVAStatics"
"Message",Normal,"    10 |          0 | GetType"
"Message",Normal,"     7 |          0 | ReducedCopyCleanup"
"Message",Normal,"     6 |          0 | Attribute"
"Message",Normal,"     5 |          1 | ReflectionInvoke"
"Message",Normal,"     5 |          0 | StartupCodeInjector"
"Message",Normal,"     4 |          0 | ScrubOpenCalls"
"Message",Normal,"     3 |          1 | ReflectionMappingInfoEmit"
"Message",Normal,"     3 |          0 | ConvertCatchIntoFilter"
"Message",Normal,"     3 |          0 | EventSource"
"Message",Normal,"     1 |          0 | ResourceManagerCtor"
"Message",Normal,"     1 |          0 | ValueType"
"Message",Normal,"     0 |          0 | ConvertManagedWinMD"
"Message",Normal,"     0 |          0 | ComImportDetector"
"Message",Normal,"     0 |          0 | InjectAppContextSwitches"
"Message",Normal,"     0 |          0 | DisableOptimization"
"Message",Normal,"     0 |          0 | AddReflectionBlockedAttributes"
"Message",Normal,"     0 |          0 | ImplementLibraryDynamicInvokeHelpers"
"Message",Low,"Выполнение задачи ""RunILTransforms"" завершено."
"Message",Low,"Сборка целевого объекта ""RunILTransforms"" в файле ""ILTransforms"" завершена."
"Message",Low,"Сборка проекта ""ILTransforms"" завершена."
"Message",Low,""
"Message",Low,""
"Message",Low,"Сборка целевого объекта ""GenerateMDIL"" в файле ""Nutc"" завершена."
"Message",Low,""
"Message",High,"Создание машинного кода"
"Message",Low,"Сборка целевого объекта ""MDILPrepareMultiFile"" в файле ""Nutc"" завершена."
"Message",Low,""
"Message",Low,"Сборка целевого объекта ""SetBinaryForReferences"" в файле ""Nutc"" завершена."
"Message",Low,""
"Message",Low,"Задача ""GenerateMDILGlobalAnalysis"""
"Message",Normal,"Launching 'C:\Program Files (x86)\Microsoft SDKs\UWPNuGetPackages\microsoft.net.native.compiler\1.7.6\tools\x64\ilc\Tools\nutc_driver.exe @""C:\Users\Lagrange\Desktop\MyApp\MyApp\MyApp\obj\x64\Release\ilc\intermediate\MDIL\MyApp.rsp""'"
"Message",Low,"Microsoft (R) MDIL Compiler - Version 1.7.27420.00"
"Message",Low,"Copyright (c) Microsoft Corporation.  All rights reserved."
"Message",Low,"Сканирование входных типов"
"Message",Low,"Сканирование методов: 1851."
"Message",Low,"Сканирование методов: 1270."
"Message",Low,"Сканирование методов: 429."
"Message",Low,"Сканирование методов: 236."
"Message",Low,"Сканирование методов: 1689."
"Message",Low,"Сканирование методов: 1040."
"Message",Low,"Сканирование методов: 355."
"Message",Low,"Сканирование методов: 166."
"Message",Low,"Сканирование методов: 67."
"Message",Low,"Сканирование методов: 26."
"Message",Low,"Сканирование методов: 23."
"Message",Low,"Сканирование методов: 10."
"Message",Low,"Сканирование методов: 6."
"Message",Low,"Сканирование методов: 2."
"Message",Low,"Сканирование методов: 3."
"Message",Low,"Сканирование методов: 18."
"Message",Low,"Сканирование методов: 42."
"Message",Low,"Сканирование методов: 53."
"Message",Low,"Сканирование методов: 102."
"Message",Low,"Сканирование методов: 69."
"Message",Low,"Сканирование методов: 44."
"Message",Low,"Сканирование методов: 4."
"Message",Low,"Неотложное создание кода"
"Message",Low,"Компиляция методов: 7505."
"Message",Low,"Отложенное создание кода"
"Message",Low,"Успешно создан: ""C:\Users\Lagrange\Desktop\MyApp\MyApp\MyApp\obj\x64\Release\ilc\intermediate\MDIL\MyApp.mdilexe"""
"Message",Low,"Успешно создан: ""C:\Users\Lagrange\Desktop\MyApp\MyApp\MyApp\obj\x64\Release\ilc\intermediate\MDIL\MyApp.mdilpdb"""
"Message",Normal,"'C:\Program Files (x86)\Microsoft SDKs\UWPNuGetPackages\microsoft.net.native.compiler\1.7.6\tools\x64\ilc\Tools\nutc_driver.exe @""C:\Users\Lagrange\Desktop\MyApp\MyApp\MyApp\obj\x64\Release\ilc\intermediate\MDIL\MyApp.rsp""' completed."
"Message",Normal,"Process execution statistics (all times in milliseconds)"
"Message",Normal,"-----------------------------------------------------------------------------"
"Message",Normal,"launch  |  start   |   stop   |   end    | duration | lifetime | [slot] name"
"Message",Normal,"-----------------------------------------------------------------------------"
"Message",Normal,"       0 |       16 |     7078 |     7078 |     7062 |     7078 | [0] Nutc GlobalAnalysis"
"Message",Normal,"Number of commands:      1"
"Message",Normal,"Total system time:       7078 ms"
"Message",Normal,"System time per command: 7078 ms"
"Message",Normal,"Total duration:          7062 ms"
"Message",Normal,"Total lifetime:          7078 ms"
"Message",Normal,"Requested DOP:           4"
"Message",Normal,"Duration DOP:            1,0"
"Message",Normal,"Lifetime DOP:            1,0"
"Message",Low,"Выполнение задачи ""GenerateMDILGlobalAnalysis"" завершено."
"Message",Low,"Сборка целевого объекта ""GenerateMDILGlobalAnalysis"" в файле ""Nutc"" завершена."
"Message",Low,""
"Message",Low,"Задача ""rc"""
"Message",Normal,"Launching 'C:\Program Files (x86)\Windows Kits\10\bin\10.0.19041.0\x64\rc.exe /c ""65001"" /r /fo ""C:\Users\Lagrange\Desktop\MyApp\MyApp\MyApp\obj\x64\Release\ilc\intermediate\BuildInfo\BuildInfo.res"" ""C:\Users\Lagrange\Desktop\MyApp\MyApp\MyApp\obj\x64\Release\ilc\intermediate\BuildInfo\BuildInfo.rc""'"
"Message",Low,"Microsoft (R) Windows (R) Resource Compiler Version 10.0.10011.16384"
"Message",Low,"Copyright (C) Microsoft Corporation.  All rights reserved."
"Message",Normal,"'C:\Program Files (x86)\Windows Kits\10\bin\10.0.19041.0\x64\rc.exe /c ""65001"" /r /fo ""C:\Users\Lagrange\Desktop\MyApp\MyApp\MyApp\obj\x64\Release\ilc\intermediate\BuildInfo\BuildInfo.res"" ""C:\Users\Lagrange\Desktop\MyApp\MyApp\MyApp\obj\x64\Release\ilc\intermediate\BuildInfo\BuildInfo.rc""' completed."
"Message",Normal,"Process execution statistics (all times in milliseconds)"
"Message",Normal,"-----------------------------------------------------------------------------"
"Message",Normal,"launch  |  start   |   stop   |   end    | duration | lifetime | [slot] name"
"Message",Normal,"-----------------------------------------------------------------------------"
"Message",Normal,"       0 |       16 |       47 |       47 |       31 |       47 | [0] rc"
"Message",Normal,"Number of commands:      1"
"Message",Normal,"Total system time:       47 ms"
"Message",Normal,"System time per command: 47 ms"
"Message",Normal,"Total duration:          31 ms"
"Message",Normal,"Total lifetime:          47 ms"
"Message",Normal,"Requested DOP:           4"
"Message",Normal,"Duration DOP:            0,7"
"Message",Normal,"Lifetime DOP:            1,0"
"Message",Low,"Выполнение задачи ""rc"" завершено."
"Message",Low,"Задача ""ResourceBinaryConcatenate"""
"Message",Normal,"Concatenating into 'C:\Users\Lagrange\Desktop\MyApp\MyApp\MyApp\obj\x64\Release\ilc\intermediate\Native.res' with alignment '4'."
"Message",Normal," Added 'C:\Users\Lagrange\Desktop\MyApp\MyApp\MyApp\obj\x64\Release\ilc\intermediate\ILTransformed\MyApp.res' at offset 0."
"Message",Normal," Added 'C:\Users\Lagrange\Desktop\MyApp\MyApp\MyApp\obj\x64\Release\ilc\intermediate\BuildInfo\BuildInfo.res' at offset 1380."
"Message",Low,"Выполнение задачи ""ResourceBinaryConcatenate"" завершено."
"Message",Low,"Сборка целевого объекта ""GenerateBuildInfo"" в файле ""Nutc"" завершена."
"Message",Low,"Сборка проекта ""Nutc"" завершена."
"Message",Low,""
"Message",Low,""
"Message",Low,"Сборка целевого объекта ""MDILBindPrepare"" в файле ""Binder"" завершена."
"Message",Low,""
"Message",High,"Создание исправлений для машинного кода"
"Message",Low,"Задача ""MDILBind"""
"Message",Normal,"Launching 'C:\Program Files (x86)\Microsoft SDKs\UWPNuGetPackages\microsoft.net.native.compiler\1.7.6\tools\x64\ilc\Tools\rhbind.exe @""C:\Users\Lagrange\Desktop\MyApp\MyApp\MyApp\obj\x64\Release\ilc\intermediate\rhbindargs.MyApp.rsp""'"
"Message",Low,"ВЕРСИЯ ОС: основная: 6;  дополнительная: 2"
"Message",Low,"MDIL: C:\Users\Lagrange\Desktop\MyApp\MyApp\MyApp\obj\x64\Release\ilc\intermediate\MDIL\MyApp.mdilexe"
"Message",Low,"MDILPDB: C:\Users\Lagrange\Desktop\MyApp\MyApp\MyApp\obj\x64\Release\ilc\intermediate\MDIL\MyApp.mdilpdb"
"Message",Low,"IL: C:\Users\Lagrange\Desktop\MyApp\MyApp\MyApp\obj\x64\Release\ilc\intermediate\MDIL\MyApp.ilexe"
"Message",Low,"NI: C:\Users\Lagrange\Desktop\MyApp\MyApp\MyApp\obj\x64\Release\ilc\intermediate\Native\MyApp.dll"
"Message",Low,"SHIM: C:\Users\Lagrange\Desktop\MyApp\MyApp\MyApp\obj\x64\Release\ilc\intermediate\Native\MyApp.exe"
"Message",Low,"REDHAWK_RUNTIME_DLL_NAME_A=mrt100_app.dll"
"Message",Low,"pdb: C:\Users\Lagrange\Desktop\MyApp\MyApp\MyApp\obj\x64\Release\ilc\intermediate\Native\MyApp.pdb"
"Message",Low,"Создано: C:\Users\Lagrange\Desktop\MyApp\MyApp\MyApp\obj\x64\Release\ilc\intermediate\Native\MyApp.dll за 0.488 с"
"Message",Normal,"'C:\Program Files (x86)\Microsoft SDKs\UWPNuGetPackages\microsoft.net.native.compiler\1.7.6\tools\x64\ilc\Tools\rhbind.exe @""C:\Users\Lagrange\Desktop\MyApp\MyApp\MyApp\obj\x64\Release\ilc\intermediate\rhbindargs.MyApp.rsp""' completed."
"Message",Normal,"Process execution statistics (all times in milliseconds)"
"Message",Normal,"-----------------------------------------------------------------------------"
"Message",Normal,"launch  |  start   |   stop   |   end    | duration | lifetime | [slot] name"
"Message",Normal,"-----------------------------------------------------------------------------"
"Message",Normal,"       0 |       16 |      563 |      563 |      547 |      563 | [0] rhbind MyApp"
"Message",Normal,"Number of commands:      1"
"Message",Normal,"Total system time:       563 ms"
"Message",Normal,"System time per command: 563 ms"
"Message",Normal,"Total duration:          547 ms"
"Message",Normal,"Total lifetime:          563 ms"
"Message",Normal,"Requested DOP:           4"
"Message",Normal,"Duration DOP:            1,0"
"Message",Normal,"Lifetime DOP:            1,0"
"Message",Low,"Выполнение задачи ""MDILBind"" завершено."
"Message",Low,"Сборка целевого объекта ""MDILBind"" в файле ""Binder"" завершена."
"Message",Low,"Сборка проекта ""Binder"" завершена."
"Message",Low,""
"Message",Low,""
"Message",Low,"Сборка целевого объекта ""CopyNativeExecutablesToOutput"" в файле ""Deployment"" завершена."
"Message",Low,""
"Message",Low,"Сборка целевого объекта ""CopyExtractedResourcesToOutput"" в файле ""Deployment"" завершена."
"Message",Low,""
"Message",Low,"Задача ""TransformAppxManifest"""
"Message",Low,"Выполнение задачи ""TransformAppxManifest"" завершено."
"Message",Low,"Сборка целевого объекта ""TransformAppxManifestAndAddCrt"" в файле ""Deployment"" завершена."
"Message",Low,""
"Message",Low,"Сборка целевого объекта ""CopyPackageResourceFileInRetailBuild"" в файле ""Deployment"" завершена."
"Message",Low,"Сборка проекта ""Deployment"" завершена."
"Message",Low,"Компиляция выполнена"
